"rectangle","survey"
"33F3","GNSNetBi3"
"35F3","GNSNetBi3"
"36F3","GNSNetBi3"
"33F4","GNSNetBi3"
"34F4","GNSNetBi3"
"35F4","GNSNetBi3"
"35F5","GNSNetBi3"
"36F5","GNSNetBi3"
"36F6","GNSNetBi3"
"39F6","GNSNetBi3"
"36F7","GNSNetBi3"
"37F7","GNSNetBi3"
"39F7","GNSNetBi3"
"37F8","GNSNetBi3"
"38F8","GNSNetBi3"
"39F8","GNSNetBi3"
"31F3","GNSIntBi3"
"32F3","GNSIntBi3"
"31F4","GNSIntBi3"
"32F4","GNSIntBi3"
"34F4","GNSIntBi3"
"35F4","GNSIntBi3"
"34F5","GNSIntBi3"
"35F5","GNSIntBi3"
"35F6","GNSIntBi3"
"36F6","GNSIntBi3"
"35F7","GNSIntBi3"
"24E2","BBICFraOT4"
"23E3","BBICFraOT4"
"24E3","BBICFraOT4"
"22E4","BBICFraOT4"
"23E4","BBICFraOT4"
"24E4","BBICFraOT4"
"21E5","BBICFraOT4"
"22E5","BBICFraOT4"
"23E5","BBICFraOT4"
"24E5","BBICFraOT4"
"19E6","BBICFraOT4"
"20E6","BBICFraOT4"
"21E6","BBICFraOT4"
"22E6","BBICFraOT4"
"23E6","BBICFraOT4"
"24E6","BBICFraOT4"
"16E7","BBICFraOT4"
"17E7","BBICFraOT4"
"18E7","BBICFraOT4"
"19E7","BBICFraOT4"
"20E7","BBICFraOT4"
"21E7","BBICFraOT4"
"22E7","BBICFraOT4"
"23E7","BBICFraOT4"
"16E8","BBICFraOT4"
"17E8","BBICFraOT4"
"18E8","BBICFraOT4"
"19E8","BBICFraOT4"
"20E8","BBICFraOT4"
"21E8","BBICFraOT4"
"12E0","BBICnSpaOT4"
"13E0","BBICnSpaOT4"
"14E0","BBICnSpaOT4"
"15E0","BBICnSpaOT4"
"16E0","BBICnSpaOT4"
"13E1","BBICnSpaOT4"
"15E1","BBICnSpaOT4"
"16E1","BBICnSpaOT4"
"17E1","BBICnSpaOT4"
"16E2","BBICnSpaOT4"
"17E2","BBICnSpaOT4"
"16E3","BBICnSpaOT4"
"16E4","BBICnSpaOT4"
"15E5","BBICnSpaOT4"
"16E5","BBICnSpaOT4"
"16E6","BBICnSpaOT4"
"15E7","BBICnSpaOT4"
"16E7","BBICnSpaOT4"
"16E8","BBICnSpaOT4"
"31D5","WASpaOT3"
"32D5","WASpaOT3"
"33D5","WASpaOT3"
"34D5","WASpaOT3"
"35D5","WASpaOT3"
"31D6","WASpaOT3"
"32D6","WASpaOT3"
"33D6","WASpaOT3"
"34D6","WASpaOT3"
"35D6","WASpaOT3"
"36D6","WASpaOT3"
"33D7","WASpaOT3"
"34D7","WASpaOT3"
"35D7","WASpaOT3"
"36D7","WASpaOT3"
"36D8","WASpaOT3"
"01E2","BBICsSpaOT4"
"02E2","BBICsSpaOT4"
"03E2","BBICsSpaOT4"
"01E3","BBICsSpaOT4"
"02E3","BBICsSpaOT4"
"01E2","BBICsSpaOT1"
"02E2","BBICsSpaOT1"
"03E2","BBICsSpaOT1"
"01E3","BBICsSpaOT1"
"02E3","BBICsSpaOT1"
"39E0","CSScoOT1"
"40E0","CSScoOT1"
"41E0","CSScoOT1"
"42E0","CSScoOT1"
"44E0","CSScoOT1"
"45E0","CSScoOT1"
"39E1","CSScoOT1"
"40E1","CSScoOT1"
"41E1","CSScoOT1"
"42E1","CSScoOT1"
"43E1","CSScoOT1"
"44E1","CSScoOT1"
"45E1","CSScoOT1"
"39E2","CSScoOT1"
"40E2","CSScoOT1"
"41E2","CSScoOT1"
"42E2","CSScoOT1"
"45E2","CSScoOT1"
"46E2","CSScoOT1"
"40E3","CSScoOT1"
"41E3","CSScoOT1"
"42E3","CSScoOT1"
"43E3","CSScoOT1"
"44E3","CSScoOT1"
"45E3","CSScoOT1"
"46E3","CSScoOT1"
"47E3","CSScoOT1"
"39E4","CSScoOT1"
"44E4","CSScoOT1"
"45E4","CSScoOT1"
"46E4","CSScoOT1"
"47E4","CSScoOT1"
"48E4","CSScoOT1"
"39E5","CSScoOT1"
"46E5","CSScoOT1"
"47E5","CSScoOT1"
"37D9","CSScoOT4"
"37E0","CSScoOT4"
"38E0","CSScoOT4"
"39E0","CSScoOT4"
"40E0","CSScoOT4"
"41E0","CSScoOT4"
"43E0","CSScoOT4"
"44E0","CSScoOT4"
"45E0","CSScoOT4"
"37E1","CSScoOT4"
"38E1","CSScoOT4"
"39E1","CSScoOT4"
"40E1","CSScoOT4"
"41E1","CSScoOT4"
"42E1","CSScoOT4"
"43E1","CSScoOT4"
"44E1","CSScoOT4"
"45E1","CSScoOT4"
"40E2","CSScoOT4"
"41E2","CSScoOT4"
"42E2","CSScoOT4"
"43E2","CSScoOT4"
"45E2","CSScoOT4"
"46E2","CSScoOT4"
"39E3","CSScoOT4"
"40E3","CSScoOT4"
"41E3","CSScoOT4"
"42E3","CSScoOT4"
"43E3","CSScoOT4"
"44E3","CSScoOT4"
"45E3","CSScoOT4"
"46E3","CSScoOT4"
"47E3","CSScoOT4"
"39E4","CSScoOT4"
"45E4","CSScoOT4"
"46E4","CSScoOT4"
"47E4","CSScoOT4"
"48E4","CSScoOT4"
"39E5","CSScoOT4"
"46E5","CSScoOT4"
"47E5","CSScoOT4"
"48E5","CSScoOT4"
"41D4","WAScoOT3_hist"
"41D5","WAScoOT3_hist"
"42D5","WAScoOT3_hist"
"43D5","WAScoOT3_hist"
"44D5","WAScoOT3_hist"
"42D6","WAScoOT3_hist"
"43D6","WAScoOT3_hist"
"44D6","WAScoOT3_hist"
"41D4","WAScoOT3"
"41D5","WAScoOT3"
"42D5","WAScoOT3"
"43D5","WAScoOT3"
"44D5","WAScoOT3"
"42D6","WAScoOT3"
"43D6","WAScoOT3"
"44D6","WAScoOT3"
"39E0","CSScoOT1_hist"
"40E0","CSScoOT1_hist"
"41E0","CSScoOT1_hist"
"42E0","CSScoOT1_hist"
"44E0","CSScoOT1_hist"
"45E0","CSScoOT1_hist"
"39E1","CSScoOT1_hist"
"40E1","CSScoOT1_hist"
"41E1","CSScoOT1_hist"
"42E1","CSScoOT1_hist"
"43E1","CSScoOT1_hist"
"44E1","CSScoOT1_hist"
"45E1","CSScoOT1_hist"
"39E2","CSScoOT1_hist"
"40E2","CSScoOT1_hist"
"41E2","CSScoOT1_hist"
"42E2","CSScoOT1_hist"
"45E2","CSScoOT1_hist"
"46E2","CSScoOT1_hist"
"40E3","CSScoOT1_hist"
"41E3","CSScoOT1_hist"
"42E3","CSScoOT1_hist"
"43E3","CSScoOT1_hist"
"44E3","CSScoOT1_hist"
"45E3","CSScoOT1_hist"
"46E3","CSScoOT1_hist"
"47E3","CSScoOT1_hist"
"39E4","CSScoOT1_hist"
"44E4","CSScoOT1_hist"
"45E4","CSScoOT1_hist"
"46E4","CSScoOT1_hist"
"47E4","CSScoOT1_hist"
"48E4","CSScoOT1_hist"
"39E5","CSScoOT1_hist"
"46E5","CSScoOT1_hist"
"47E5","CSScoOT1_hist"
"37D9","CSScoOT4_hist"
"37E0","CSScoOT4_hist"
"38E0","CSScoOT4_hist"
"39E0","CSScoOT4_hist"
"40E0","CSScoOT4_hist"
"41E0","CSScoOT4_hist"
"43E0","CSScoOT4_hist"
"44E0","CSScoOT4_hist"
"45E0","CSScoOT4_hist"
"37E1","CSScoOT4_hist"
"38E1","CSScoOT4_hist"
"39E1","CSScoOT4_hist"
"40E1","CSScoOT4_hist"
"41E1","CSScoOT4_hist"
"42E1","CSScoOT4_hist"
"43E1","CSScoOT4_hist"
"44E1","CSScoOT4_hist"
"45E1","CSScoOT4_hist"
"40E2","CSScoOT4_hist"
"41E2","CSScoOT4_hist"
"42E2","CSScoOT4_hist"
"43E2","CSScoOT4_hist"
"45E2","CSScoOT4_hist"
"46E2","CSScoOT4_hist"
"39E3","CSScoOT4_hist"
"40E3","CSScoOT4_hist"
"41E3","CSScoOT4_hist"
"42E3","CSScoOT4_hist"
"43E3","CSScoOT4_hist"
"44E3","CSScoOT4_hist"
"45E3","CSScoOT4_hist"
"46E3","CSScoOT4_hist"
"47E3","CSScoOT4_hist"
"39E4","CSScoOT4_hist"
"45E4","CSScoOT4_hist"
"46E4","CSScoOT4_hist"
"47E4","CSScoOT4_hist"
"48E4","CSScoOT4_hist"
"39E5","CSScoOT4_hist"
"46E5","CSScoOT4_hist"
"47E5","CSScoOT4_hist"
"48E5","CSScoOT4_hist"
"44E6","GNSIntOT1"
"45E6","GNSIntOT1"
"41E7","GNSIntOT1"
"42E7","GNSIntOT1"
"44E7","GNSIntOT1"
"45E7","GNSIntOT1"
"46E7","GNSIntOT1"
"47E7","GNSIntOT1"
"48E7","GNSIntOT1"
"39E8","GNSIntOT1"
"40E8","GNSIntOT1"
"41E8","GNSIntOT1"
"42E8","GNSIntOT1"
"43E8","GNSIntOT1"
"44E8","GNSIntOT1"
"45E8","GNSIntOT1"
"46E8","GNSIntOT1"
"47E8","GNSIntOT1"
"48E8","GNSIntOT1"
"49E8","GNSIntOT1"
"50E8","GNSIntOT1"
"51E8","GNSIntOT1"
"37E9","GNSIntOT1"
"38E9","GNSIntOT1"
"39E9","GNSIntOT1"
"40E9","GNSIntOT1"
"41E9","GNSIntOT1"
"42E9","GNSIntOT1"
"43E9","GNSIntOT1"
"44E9","GNSIntOT1"
"45E9","GNSIntOT1"
"46E9","GNSIntOT1"
"47E9","GNSIntOT1"
"48E9","GNSIntOT1"
"49E9","GNSIntOT1"
"50E9","GNSIntOT1"
"51E9","GNSIntOT1"
"35F0","GNSIntOT1"
"36F0","GNSIntOT1"
"37F0","GNSIntOT1"
"38F0","GNSIntOT1"
"39F0","GNSIntOT1"
"40F0","GNSIntOT1"
"41F0","GNSIntOT1"
"42F0","GNSIntOT1"
"43F0","GNSIntOT1"
"44F0","GNSIntOT1"
"45F0","GNSIntOT1"
"46F0","GNSIntOT1"
"47F0","GNSIntOT1"
"48F0","GNSIntOT1"
"49F0","GNSIntOT1"
"50F0","GNSIntOT1"
"51F0","GNSIntOT1"
"32F1","GNSIntOT1"
"33F1","GNSIntOT1"
"34F1","GNSIntOT1"
"35F1","GNSIntOT1"
"36F1","GNSIntOT1"
"37F1","GNSIntOT1"
"38F1","GNSIntOT1"
"39F1","GNSIntOT1"
"40F1","GNSIntOT1"
"41F1","GNSIntOT1"
"42F1","GNSIntOT1"
"43F1","GNSIntOT1"
"44F1","GNSIntOT1"
"45F1","GNSIntOT1"
"46F1","GNSIntOT1"
"47F1","GNSIntOT1"
"48F1","GNSIntOT1"
"49F1","GNSIntOT1"
"50F1","GNSIntOT1"
"51F1","GNSIntOT1"
"31F2","GNSIntOT1"
"32F2","GNSIntOT1"
"33F2","GNSIntOT1"
"34F2","GNSIntOT1"
"35F2","GNSIntOT1"
"36F2","GNSIntOT1"
"37F2","GNSIntOT1"
"38F2","GNSIntOT1"
"39F2","GNSIntOT1"
"40F2","GNSIntOT1"
"41F2","GNSIntOT1"
"42F2","GNSIntOT1"
"43F2","GNSIntOT1"
"44F2","GNSIntOT1"
"45F2","GNSIntOT1"
"46F2","GNSIntOT1"
"47F2","GNSIntOT1"
"48F2","GNSIntOT1"
"49F2","GNSIntOT1"
"50F2","GNSIntOT1"
"51F2","GNSIntOT1"
"32F3","GNSIntOT1"
"33F3","GNSIntOT1"
"34F3","GNSIntOT1"
"35F3","GNSIntOT1"
"36F3","GNSIntOT1"
"37F3","GNSIntOT1"
"38F3","GNSIntOT1"
"39F3","GNSIntOT1"
"40F3","GNSIntOT1"
"41F3","GNSIntOT1"
"42F3","GNSIntOT1"
"43F3","GNSIntOT1"
"44F3","GNSIntOT1"
"45F3","GNSIntOT1"
"46F3","GNSIntOT1"
"47F3","GNSIntOT1"
"48F3","GNSIntOT1"
"49F3","GNSIntOT1"
"50F3","GNSIntOT1"
"33F4","GNSIntOT1"
"34F4","GNSIntOT1"
"35F4","GNSIntOT1"
"36F4","GNSIntOT1"
"37F4","GNSIntOT1"
"38F4","GNSIntOT1"
"39F4","GNSIntOT1"
"40F4","GNSIntOT1"
"41F4","GNSIntOT1"
"42F4","GNSIntOT1"
"43F4","GNSIntOT1"
"44F4","GNSIntOT1"
"45F4","GNSIntOT1"
"36F5","GNSIntOT1"
"37F5","GNSIntOT1"
"38F5","GNSIntOT1"
"39F5","GNSIntOT1"
"40F5","GNSIntOT1"
"41F5","GNSIntOT1"
"42F5","GNSIntOT1"
"43F5","GNSIntOT1"
"44F5","GNSIntOT1"
"36F6","GNSIntOT1"
"37F6","GNSIntOT1"
"38F6","GNSIntOT1"
"39F6","GNSIntOT1"
"40F6","GNSIntOT1"
"41F6","GNSIntOT1"
"42F6","GNSIntOT1"
"43F6","GNSIntOT1"
"36F7","GNSIntOT1"
"37F7","GNSIntOT1"
"38F7","GNSIntOT1"
"39F7","GNSIntOT1"
"40F7","GNSIntOT1"
"41F7","GNSIntOT1"
"42F7","GNSIntOT1"
"43F7","GNSIntOT1"
"37F8","GNSIntOT1"
"38F8","GNSIntOT1"
"39F8","GNSIntOT1"
"43F8","GNSIntOT1"
"44F8","GNSIntOT1"
"44F9","GNSIntOT1"
"45F9","GNSIntOT1"
"41G0","GNSIntOT1"
"43G0","GNSIntOT1"
"44G0","GNSIntOT1"
"45G0","GNSIntOT1"
"46G0","GNSIntOT1"
"41G1","GNSIntOT1"
"42G1","GNSIntOT1"
"43G1","GNSIntOT1"
"44G1","GNSIntOT1"
"45G1","GNSIntOT1"
"41G2","GNSIntOT1"
"42G2","GNSIntOT1"
"43G2","GNSIntOT1"
"44E6","GNSIntOT3"
"45E6","GNSIntOT3"
"41E7","GNSIntOT3"
"42E7","GNSIntOT3"
"44E7","GNSIntOT3"
"45E7","GNSIntOT3"
"46E7","GNSIntOT3"
"47E7","GNSIntOT3"
"48E7","GNSIntOT3"
"49E7","GNSIntOT3"
"40E8","GNSIntOT3"
"41E8","GNSIntOT3"
"42E8","GNSIntOT3"
"43E8","GNSIntOT3"
"44E8","GNSIntOT3"
"45E8","GNSIntOT3"
"46E8","GNSIntOT3"
"47E8","GNSIntOT3"
"48E8","GNSIntOT3"
"49E8","GNSIntOT3"
"50E8","GNSIntOT3"
"51E8","GNSIntOT3"
"38E9","GNSIntOT3"
"39E9","GNSIntOT3"
"40E9","GNSIntOT3"
"41E9","GNSIntOT3"
"42E9","GNSIntOT3"
"43E9","GNSIntOT3"
"44E9","GNSIntOT3"
"45E9","GNSIntOT3"
"46E9","GNSIntOT3"
"47E9","GNSIntOT3"
"48E9","GNSIntOT3"
"49E9","GNSIntOT3"
"50E9","GNSIntOT3"
"51E9","GNSIntOT3"
"52E9","GNSIntOT3"
"35F0","GNSIntOT3"
"36F0","GNSIntOT3"
"37F0","GNSIntOT3"
"38F0","GNSIntOT3"
"39F0","GNSIntOT3"
"40F0","GNSIntOT3"
"41F0","GNSIntOT3"
"42F0","GNSIntOT3"
"43F0","GNSIntOT3"
"44F0","GNSIntOT3"
"45F0","GNSIntOT3"
"46F0","GNSIntOT3"
"47F0","GNSIntOT3"
"48F0","GNSIntOT3"
"49F0","GNSIntOT3"
"50F0","GNSIntOT3"
"51F0","GNSIntOT3"
"52F0","GNSIntOT3"
"32F1","GNSIntOT3"
"35F1","GNSIntOT3"
"36F1","GNSIntOT3"
"37F1","GNSIntOT3"
"38F1","GNSIntOT3"
"39F1","GNSIntOT3"
"40F1","GNSIntOT3"
"41F1","GNSIntOT3"
"42F1","GNSIntOT3"
"43F1","GNSIntOT3"
"44F1","GNSIntOT3"
"45F1","GNSIntOT3"
"46F1","GNSIntOT3"
"47F1","GNSIntOT3"
"48F1","GNSIntOT3"
"49F1","GNSIntOT3"
"50F1","GNSIntOT3"
"51F1","GNSIntOT3"
"52F1","GNSIntOT3"
"32F2","GNSIntOT3"
"33F2","GNSIntOT3"
"34F2","GNSIntOT3"
"35F2","GNSIntOT3"
"36F2","GNSIntOT3"
"37F2","GNSIntOT3"
"38F2","GNSIntOT3"
"39F2","GNSIntOT3"
"40F2","GNSIntOT3"
"41F2","GNSIntOT3"
"42F2","GNSIntOT3"
"43F2","GNSIntOT3"
"44F2","GNSIntOT3"
"45F2","GNSIntOT3"
"46F2","GNSIntOT3"
"47F2","GNSIntOT3"
"48F2","GNSIntOT3"
"49F2","GNSIntOT3"
"50F2","GNSIntOT3"
"51F2","GNSIntOT3"
"32F3","GNSIntOT3"
"33F3","GNSIntOT3"
"34F3","GNSIntOT3"
"35F3","GNSIntOT3"
"36F3","GNSIntOT3"
"37F3","GNSIntOT3"
"38F3","GNSIntOT3"
"39F3","GNSIntOT3"
"40F3","GNSIntOT3"
"41F3","GNSIntOT3"
"42F3","GNSIntOT3"
"43F3","GNSIntOT3"
"44F3","GNSIntOT3"
"45F3","GNSIntOT3"
"46F3","GNSIntOT3"
"47F3","GNSIntOT3"
"48F3","GNSIntOT3"
"49F3","GNSIntOT3"
"50F3","GNSIntOT3"
"33F4","GNSIntOT3"
"34F4","GNSIntOT3"
"35F4","GNSIntOT3"
"36F4","GNSIntOT3"
"37F4","GNSIntOT3"
"38F4","GNSIntOT3"
"39F4","GNSIntOT3"
"40F4","GNSIntOT3"
"41F4","GNSIntOT3"
"42F4","GNSIntOT3"
"43F4","GNSIntOT3"
"44F4","GNSIntOT3"
"45F4","GNSIntOT3"
"36F5","GNSIntOT3"
"37F5","GNSIntOT3"
"38F5","GNSIntOT3"
"39F5","GNSIntOT3"
"40F5","GNSIntOT3"
"41F5","GNSIntOT3"
"42F5","GNSIntOT3"
"43F5","GNSIntOT3"
"44F5","GNSIntOT3"
"36F6","GNSIntOT3"
"37F6","GNSIntOT3"
"38F6","GNSIntOT3"
"39F6","GNSIntOT3"
"40F6","GNSIntOT3"
"41F6","GNSIntOT3"
"42F6","GNSIntOT3"
"43F6","GNSIntOT3"
"37F7","GNSIntOT3"
"38F7","GNSIntOT3"
"39F7","GNSIntOT3"
"40F7","GNSIntOT3"
"41F7","GNSIntOT3"
"42F7","GNSIntOT3"
"43F7","GNSIntOT3"
"43F8","GNSIntOT3"
"44F8","GNSIntOT3"
"43F9","GNSIntOT3"
"44F9","GNSIntOT3"
"45F9","GNSIntOT3"
"41G0","GNSIntOT3"
"43G0","GNSIntOT3"
"44G0","GNSIntOT3"
"45G0","GNSIntOT3"
"46G0","GNSIntOT3"
"41G1","GNSIntOT3"
"42G1","GNSIntOT3"
"43G1","GNSIntOT3"
"44G1","GNSIntOT3"
"45G1","GNSIntOT3"
"41G2","GNSIntOT3"
"42G2","GNSIntOT3"
"43G2","GNSIntOT3"
"28F0","GNSIntOT1_channel"
"29F0","GNSIntOT1_channel"
"30F0","GNSIntOT1_channel"
"29F1","GNSIntOT1_channel"
"30F1","GNSIntOT1_channel"
"35F0","GNSBelBT3"
"36F0","GNSBelBT3"
"31F1","GNSBelBT3"
"32F1","GNSBelBT3"
"33F1","GNSBelBT3"
"34F1","GNSBelBT3"
"35F1","GNSBelBT3"
"36F1","GNSBelBT3"
"31F2","GNSBelBT3"
"32F2","GNSBelBT3"
"33F2","GNSBelBT3"
"34F2","GNSBelBT3"
"35F2","GNSBelBT3"
"36F2","GNSBelBT3"
"44E6","GNSNetBT3"
"45E6","GNSNetBT3"
"44E7","GNSNetBT3"
"45E7","GNSNetBT3"
"44E8","GNSNetBT3"
"45E8","GNSNetBT3"
"39E9","GNSNetBT3"
"40E9","GNSNetBT3"
"41E9","GNSNetBT3"
"42E9","GNSNetBT3"
"43E9","GNSNetBT3"
"44E9","GNSNetBT3"
"45E9","GNSNetBT3"
"36F0","GNSNetBT3"
"37F0","GNSNetBT3"
"38F0","GNSNetBT3"
"39F0","GNSNetBT3"
"40F0","GNSNetBT3"
"41F0","GNSNetBT3"
"42F0","GNSNetBT3"
"43F0","GNSNetBT3"
"44F0","GNSNetBT3"
"32F1","GNSNetBT3"
"35F1","GNSNetBT3"
"36F1","GNSNetBT3"
"37F1","GNSNetBT3"
"38F1","GNSNetBT3"
"39F1","GNSNetBT3"
"40F1","GNSNetBT3"
"42F1","GNSNetBT3"
"44F1","GNSNetBT3"
"45F1","GNSNetBT3"
"32F2","GNSNetBT3"
"33F2","GNSNetBT3"
"34F2","GNSNetBT3"
"35F2","GNSNetBT3"
"36F2","GNSNetBT3"
"37F2","GNSNetBT3"
"38F2","GNSNetBT3"
"39F2","GNSNetBT3"
"40F2","GNSNetBT3"
"41F2","GNSNetBT3"
"42F2","GNSNetBT3"
"43F2","GNSNetBT3"
"44F2","GNSNetBT3"
"45F2","GNSNetBT3"
"32F3","GNSNetBT3"
"33F3","GNSNetBT3"
"34F3","GNSNetBT3"
"35F3","GNSNetBT3"
"36F3","GNSNetBT3"
"37F3","GNSNetBT3"
"38F3","GNSNetBT3"
"39F3","GNSNetBT3"
"40F3","GNSNetBT3"
"42F3","GNSNetBT3"
"44F3","GNSNetBT3"
"45F3","GNSNetBT3"
"33F4","GNSNetBT3"
"34F4","GNSNetBT3"
"35F4","GNSNetBT3"
"36F4","GNSNetBT3"
"37F4","GNSNetBT3"
"38F4","GNSNetBT3"
"39F4","GNSNetBT3"
"40F4","GNSNetBT3"
"41F4","GNSNetBT3"
"42F4","GNSNetBT3"
"43F4","GNSNetBT3"
"44F4","GNSNetBT3"
"36F5","GNSNetBT3"
"37F5","GNSNetBT3"
"38F5","GNSNetBT3"
"39F5","GNSNetBT3"
"40F5","GNSNetBT3"
"41F5","GNSNetBT3"
"42F5","GNSNetBT3"
"43F5","GNSNetBT3"
"36F6","GNSNetBT3"
"37F6","GNSNetBT3"
"38F6","GNSNetBT3"
"39F6","GNSNetBT3"
"40F6","GNSNetBT3"
"41F6","GNSNetBT3"
"42F6","GNSNetBT3"
"43F6","GNSNetBT3"
"36F7","GNSNetBT3"
"37F7","GNSNetBT3"
"38F7","GNSNetBT3"
"39F7","GNSNetBT3"
"37F8","GNSNetBT3"
"39F8","GNSNetBT3"
"40F4","GNSGerBT3"
"41F4","GNSGerBT3"
"42F4","GNSGerBT3"
"43F4","GNSGerBT3"
"39F5","GNSGerBT3"
"40F5","GNSGerBT3"
"41F5","GNSGerBT3"
"42F5","GNSGerBT3"
"43F5","GNSGerBT3"
"39F6","GNSGerBT3"
"40F6","GNSGerBT3"
"41F6","GNSGerBT3"
"42F6","GNSGerBT3"
"43F6","GNSGerBT3"
"39F7","GNSGerBT3"
"40F7","GNSGerBT3"
"41F7","GNSGerBT3"
"42F7","GNSGerBT3"
"43F7","GNSGerBT3"
"33E3","CSEngBT3"
"34E3","CSEngBT3"
"36E3","CSEngBT3"
"34E4","CSEngBT3"
"35E4","CSEngBT3"
"36E4","CSEngBT3"
"37E4","CSEngBT3"
"33E5","CSEngBT3"
"34E5","CSEngBT3"
"35E5","CSEngBT3"
"36E5","CSEngBT3"
"38E5","CSEngBT3"
"35E6","CSEngBT3"
"36E6","CSEngBT3"
"37E6","CSEngBT3"
"38E6","CSEngBT3"
"31E3","CSEngBT3_Bchannel"
"30E4","CSEngBT3_Bchannel"
"31E4","CSEngBT3_Bchannel"
"32E4","CSEngBT3_Bchannel"
"30E5","CSEngBT3_Bchannel"
"31E5","CSEngBT3_Bchannel"
"32E5","CSEngBT3_Bchannel"
"31E6","CSEngBT3_Bchannel"
"32E6","CSEngBT3_Bchannel"
"29E1","CSEngBT1"
"30E1","CSEngBT1"
"31E1","CSEngBT1"
"26E2","CSEngBT1"
"27E2","CSEngBT1"
"30E2","CSEngBT1"
"32E2","CSEngBT1"
"26E3","CSEngBT1"
"27E3","CSEngBT1"
"28E3","CSEngBT1"
"29E3","CSEngBT1"
"30E3","CSEngBT1"
"31E3","CSEngBT1"
"32E3","CSEngBT1"
"26E4","CSEngBT1"
"27E4","CSEngBT1"
"28E4","CSEngBT1"
"29E4","CSEngBT1"
"30E4","CSEngBT1"
"26E5","CSEngBT1"
"27E5","CSEngBT1"
"28E5","CSEngBT1"
"29E5","CSEngBT1"
"26E6","CSEngBT1"
"27E6","CSEngBT1"
"28E6","CSEngBT1"
"29E6","CSEngBT1"
"30E6","CSEngBT1"
"26E7","CSEngBT1"
"27E7","CSEngBT1"
"28E7","CSEngBT1"
"29E7","CSEngBT1"
"30E7","CSEngBT1"
"28E8","GNSEngBT3"
"29E8","GNSEngBT3"
"30E8","GNSEngBT3"
"28E9","GNSEngBT3"
"29E9","GNSEngBT3"
"30E9","GNSEngBT3"
"28F0","GNSEngBT3"
"29F0","GNSEngBT3"
"30F0","GNSEngBT3"
"29F1","GNSEngBT3"
"30F1","GNSEngBT3"
"31F1","GNSEngBT3"
"32F1","GNSEngBT3"
"33F1","GNSEngBT3"
"24E5","BBICFraBT4"
"23E6","BBICFraBT4"
"24E6","BBICFraBT4"
"21E7","BBICFraBT4"
"22E7","BBICFraBT4"
"23E7","BBICFraBT4"
"17E8","BBICFraBT4"
"18E8","BBICFraBT4"
"19E8","BBICFraBT4"
"20E8","BBICFraBT4"
"21E8","BBICFraBT4"
"28D8","CSFraOT4"
"30D8","CSFraOT4"
"26D9","CSFraOT4"
"27D9","CSFraOT4"
"28D9","CSFraOT4"
"29D9","CSFraOT4"
"30D9","CSFraOT4"
"25E0","CSFraOT4"
"26E0","CSFraOT4"
"27E0","CSFraOT4"
"28E0","CSFraOT4"
"29E0","CSFraOT4"
"30E0","CSFraOT4"
"31E0","CSFraOT4"
"25E1","CSFraOT4"
"26E1","CSFraOT4"
"27E1","CSFraOT4"
"28E1","CSFraOT4"
"29E1","CSFraOT4"
"30E1","CSFraOT4"
"32E1","CSFraOT4"
"25E2","CSFraOT4"
"26E2","CSFraOT4"
"27E2","CSFraOT4"
"28E2","CSFraOT4"
"29E2","CSFraOT4"
"30E2","CSFraOT4"
"31E2","CSFraOT4"
"32E2","CSFraOT4"
"25E3","CSFraOT4"
"31E3","CSFraOT4"
"32E3","CSFraOT4"
"31E4","CSFraOT4"
"32E4","CSFraOT4"
"27E8","GNSFraOT4"
"28E8","GNSFraOT4"
"29E8","GNSFraOT4"
"27E9","GNSFraOT4"
"28E9","GNSFraOT4"
"29E9","GNSFraOT4"
"30E9","GNSFraOT4"
"28F0","GNSFraOT4"
"29F0","GNSFraOT4"
"30F0","GNSFraOT4"
"28F1","GNSFraOT4"
"29F1","GNSFraOT4"
"30F1","GNSFraOT4"
"31F1","GNSFraOT4"
"34E3","CSNIrOT1"
"35E3","CSNIrOT1"
"36E3","CSNIrOT1"
"33E4","CSNIrOT1"
"34E4","CSNIrOT1"
"35E4","CSNIrOT1"
"36E4","CSNIrOT1"
"37E4","CSNIrOT1"
"38E4","CSNIrOT1"
"33E5","CSNIrOT1"
"34E5","CSNIrOT1"
"36E5","CSNIrOT1"
"37E5","CSNIrOT1"
"38E5","CSNIrOT1"
"35E6","CSNIrOT1"
"36E6","CSNIrOT1"
"37E6","CSNIrOT1"
"38E6","CSNIrOT1"
"34E3","CSNIrOT4"
"36E3","CSNIrOT4"
"33E4","CSNIrOT4"
"34E4","CSNIrOT4"
"35E4","CSNIrOT4"
"36E4","CSNIrOT4"
"37E4","CSNIrOT4"
"38E4","CSNIrOT4"
"33E5","CSNIrOT4"
"34E5","CSNIrOT4"
"36E5","CSNIrOT4"
"37E5","CSNIrOT4"
"38E5","CSNIrOT4"
"35E6","CSNIrOT4"
"36E6","CSNIrOT4"
"37E6","CSNIrOT4"
"38E6","CSNIrOT4"
"34D7","CSIreOT4"
"35D7","CSIreOT4"
"29D8","CSIreOT4"
"30D8","CSIreOT4"
"32D8","CSIreOT4"
"33D8","CSIreOT4"
"34D8","CSIreOT4"
"35D8","CSIreOT4"
"36D8","CSIreOT4"
"37D8","CSIreOT4"
"29D9","CSIreOT4"
"30D9","CSIreOT4"
"31D9","CSIreOT4"
"32D9","CSIreOT4"
"33D9","CSIreOT4"
"34D9","CSIreOT4"
"35D9","CSIreOT4"
"36D9","CSIreOT4"
"37D9","CSIreOT4"
"29E0","CSIreOT4"
"30E0","CSIreOT4"
"31E0","CSIreOT4"
"34E0","CSIreOT4"
"35E0","CSIreOT4"
"37E0","CSIreOT4"
"38E0","CSIreOT4"
"39E0","CSIreOT4"
"40E0","CSIreOT4"
"41E0","CSIreOT4"
"30E1","CSIreOT4"
"31E1","CSIreOT4"
"32E1","CSIreOT4"
"37E1","CSIreOT4"
"38E1","CSIreOT4"
"39E1","CSIreOT4"
"40E1","CSIreOT4"
"41E1","CSIreOT4"
"30E2","CSIreOT4"
"31E2","CSIreOT4"
"32E2","CSIreOT4"
"33E2","CSIreOT4"
"39E2","CSIreOT4"
"40E2","CSIreOT4"
"41E2","CSIreOT4"
"31E3","CSIreOT4"
"32E3","CSIreOT4"
"33E3","CSIreOT4"
"39E3","CSIreOT4"
"40E3","CSIreOT4"
"41E3","CSIreOT4"
"31E4","CSIreOT4"
"32E4","CSIreOT4"
"07D9","BBICPorOT4"
"03E0","BBICPorOT4"
"04E0","BBICPorOT4"
"05E0","BBICPorOT4"
"06E0","BBICPorOT4"
"07E0","BBICPorOT4"
"08E0","BBICPorOT4"
"09E0","BBICPorOT4"
"10E0","BBICPorOT4"
"11E0","BBICPorOT4"
"12E0","BBICPorOT4"
"02E1","BBICPorOT4"
"03E1","BBICPorOT4"
"04E1","BBICPorOT4"
"05E1","BBICPorOT4"
"10E1","BBICPorOT4"
"11E1","BBICPorOT4"
"12E1","BBICPorOT4"
"02E2","BBICPorOT4"
